1,1.5143407672921385,-0.5606682205167584,0.23139978993798022,-1.1663031736391338,1.9085215072784805,0.806721729379673,1.0319080692191853,-0.6577077994784335,1.221438452666653,0.2510087841410543,0.3611584909875166,1.8427214702277623,1.0101593882569202
1,0.24559682781701678,-0.4980085557249491,-0.8256672150707374,-2.4838405248495325,0.018093979665047416,0.5670480877368861,0.731565283497789,-0.8184105974292383,-0.5431887172177159,-0.29249623192045043,0.4049084647154178,1.110317230772757,0.9625263492684177
1,0.19632521851701315,0.021171523978612806,1.106213863048642,-0.2679822523593159,0.08810981402110049,0.806721729379673,1.2121137406520228,-0.49700500152762905,2.129959371815041,0.2682629116350703,0.31740851725961544,0.7863692017830428,1.3912237001649401
1,1.6867913998421533,-0.34583508408769825,0.4865538945952563,-0.8069748051272064,0.9282998262937373,2.484437220879183,1.4623993954198526,-0.979113395380043,1.0292513351544943,1.18273166881792,-0.42634103611470414,1.1807407153357385,2.328006800272156
1,0.2948684371170226,0.22705327972312878,1.8352255906408617,0.4506744846645375,1.2783789980740028,0.806721729379673,0.6614853001627968,0.22615758925099208,0.4002753142056101,-0.3183774231614743,0.3611584909875166,0.44833647588073283,-0.03776746949013473
1,1.4773870603171335,-0.5159113170940375,0.3043009626972022,-1.286079296476443,0.8582839919376842,1.5576991398604063,1.3622851335127206,-0.17559940562601947,0.6623486562676449,0.7298108220999991,0.4049084647154178,0.33565890057996267,2.232740722295151
1,1.7114272044921572,-0.4174461295640515,0.3043009626972022,-1.4657434807324061,-0.2619693577591649,0.3273744460940991,0.4912910549206727,-0.49700500152762905,0.6798202124051139,0.08278104107439817,0.27365854353171426,1.3638417751994898,1.7246549730844576
1,1.3049364277671187,-0.16680747039681482,0.8875103447709762,-0.5674225594525882,1.488426501142162,0.4871568738559573,0.4812796287299593,-0.41665360255222667,-0.5956033856301229,-0.0034895963956820416,0.448658438443319,1.3638417751994898,1.7405326527472917
1,2.2534149067922082,-0.6233278853085676,-0.7163154559319053,-1.6454076649883695,-0.1919535234031118,0.806721729379673,0.9518166596934795,-0.5773564005030315,0.6798202124051139,0.061213381706878206,0.5361583858991213,0.33565890057996267,0.9466486696055836
1,1.0585783812670941,-0.8829179251603485,-0.35180959213579543,-1.0465270508018247,-0.12193768904705873,1.0943300993510179,1.1220109049356037,-1.1398161933308477,0.45268998261801713,0.9325468201546874,0.22990856980381308,1.3215876844617007,0.9466486696055836
1,1.3542080370671223,-0.15785608971227044,-0.24245783299696333,-0.44764643661527975,0.36817315144531276,1.0463953710224607,1.292205150177728,-1.1398161933308477,1.378682457903874,0.2984576347495985,1.2799079392734405,0.7863692017830428,2.423272878249161
1,1.378843841717124,-0.7665499762612743,-0.16955666023774135,-0.8069748051272064,-0.331985192115218,-0.1519728371914748,0.4011882192042541,-0.8184105974292383,-0.03651358923111489,-0.025057255763202,0.9299081494502309,0.29340480984217354,1.6928996137587893
1,0.9230814556920819,-0.54276545914767,0.15849861717875827,-1.0465270508018247,-0.7520801982515364,0.4871568738559573,0.731565283497789,-0.5773564005030315,0.38280375806814104,0.23375465664703823,0.8424082019944286,0.4060823851429437,1.8199210510614625
1,2.1548716881921988,-0.54276545914767,0.08559744441953632,-2.4239524634308776,-0.6120485295394302,1.2860690126652476,1.6626279192341162,0.5475631851526012,2.129959371815041,0.14748401917695841,1.2799079392734405,0.1666425376288074,1.2800799425251008
1,1.6991093021671564,-0.4174461295640515,0.04914685803992452,-2.2442882791749144,0.15812564837715357,1.6056338681889635,1.6125707882805504,-0.5773564005030315,2.3920327138770756,1.0533257126127997,1.0611580706339345,0.5469293542689064,2.5407677077541337
1,0.7752666277920689,-0.4711544136713166,1.2155656221874758,-0.6871986822898979,0.8582839919376842,0.8866129432606025,0.8817366763584873,-0.49700500152762905,-0.22870070674327406,0.9670550751427194,1.411157860457144,0.3779129913177512,1.7881656917357942
1,1.600566083567147,-0.3726892261413308,1.2884667949466977,0.15123417757126514,1.418410666786109,0.806721729379673,1.1119994787448908,-0.25595080460142183,0.6623486562676449,0.49256656905727886,0.4924084121712201,0.053964962328037214,1.6928996137587893
1,1.0216246742920914,-0.6859875501003767,0.9239609311505881,0.15123417757126514,1.0683314950058436,1.0463953710224607,1.3722965597034336,0.3065089882263945,0.22555975283091992,0.6651078439974389,0.7549082545386262,-0.05871261297273297,1.2165692238737642
1,1.4650691579921327,-0.6680847887312884,0.41365272183603435,-0.8968068972551884,0.5782206545134719,1.6056338681889635,1.9029021478112331,-0.3363022035768242,0.4701615387554861,1.57094953743328,1.192407991817638,0.29340480984217354,2.9631139867855225
1,0.7875845301170697,0.6835736946348819,0.7052574128729222,-1.286079296476443,1.1383473293618966,0.6469393016178155,1.0018737906470454,-1.5415731882078594,0.12073041600610586,0.018078062971837915,0.011158701164307191,1.0539784431223718,0.31154148309221696
1,1.3049364277671187,-0.6322792659931118,-0.31535900575618525,-1.0465270508018247,1.8385056729224274,1.1262865849033896,1.1420337573170303,-0.979113395380043,0.8894788860547421,0.25532231601455857,0.5799083596270225,1.546942835063241,0.10513164747537276
1,-0.0869865349580142,1.3101703425529738,1.03331269028942,-0.2679822523593159,0.15812564837715357,0.1835702611084271,0.3811653668228277,-0.8987619964046406,0.6798202124051139,-0.24073384943840231,0.31740851725961544,1.279333593723912,0.07337628814970443
1,0.8738098463920783,-0.4263975102485957,-0.023754314719297436,-0.8668628665458606,0.08810981402110049,0.5031351166321428,0.8517023977863475,-0.7380591984538358,0.1731450844185129,-0.5426810805836828,0.6674083070828248,1.9553990455285326,0.9148933102799152
1,-0.18552975355802362,-0.6591334080467441,0.5594550673544783,-0.507534498033934,-0.331985192115218,0.2954179605417275,0.3411196620599749,-0.8184105974292383,-0.22870070674327406,-0.4866051662281306,0.5799083596270225,1.4342652597624708,0.8513825916285785
1,0.6151338975670527,-0.4711544136713166,0.8875103447709762,0.15123417757126514,-0.2619693577591649,0.3753091744226562,0.5813938906370912,-0.6577077994784335,0.12073041600610586,-0.6634599730417949,0.7111582808107261,1.7018745011017997,0.31154148309221696
1,0.06082829294200103,-0.2563212772422567,3.110996113927245,1.648435713037627,1.6984740042103212,0.5350916021845145,0.6514738739720839,0.8689687810542104,0.5749908755802998,-0.6375787818007709,0.7549082545386262,0.8286232925208319,0.26390844410371445
1,0.47963697199204053,-0.5069599364094933,0.9239609311505881,-1.016583020092497,-0.47201686082732414,0.8866129432606025,0.9117709549306267,-0.17559940562601947,-0.24617226288074306,-0.1113278932332822,-0.16384119374729705,0.8567926863460245,1.4229790594906084
1,0.3687758510670302,-0.5517168398322142,-0.8256672150707374,-0.7470867437085521,-0.40200102647127106,0.16759201833224094,0.16091399062713724,-0.7380591984538358,-0.4208878242554328,-0.4779781024811226,0.27365854353171426,0.22298132527919248,1.7087772934216234
1,1.070896283592095,-0.3905919875104192,1.5800714859835838,-0.028430006684698753,0.5082048201574189,1.0463953710224607,0.9418052335027665,0.06545479130018728,0.295445977380796,-0.24073384943840231,1.2799079392734405,1.110317230772757,0.5338289983718952
1,1.2556648184671129,-0.5875223625703909,-0.5705131104134613,-1.0465270508018247,-0.2619693577591649,0.5670480877368861,0.3010739572971221,-0.8184105974292383,0.6798202124051139,-0.1544632119683221,0.3611584909875166,1.3779264721120856,0.9148933102799152
1,0.8984456510420801,-0.748647214892186,1.2155656221874758,0.8998349453044462,0.08810981402110049,1.1262865849033896,1.2221251668427358,-0.5773564005030315,1.378682457903874,0.27688997538207855,1.0174080969060333,0.13847314380361483,1.7087772934216234
1,0.7136771161670621,-0.6054251239394793,-0.023754314719297436,-0.11826209881267963,0.43818898580136584,0.9025911860367879,1.1620566096984566,-1.1398161933308477,0.6274055439927069,0.7945138002025595,0.5799083596270225,0.3779129913177512,2.439150557911995
1,0.8368561394170734,-0.45325165230222825,-0.023754314719297436,-0.6871986822898979,0.2981573170892597,0.19954850388461257,0.6614853001627968,0.46721178617719883,0.6623486562676449,-0.5254269530896668,1.192407991817638,0.36382829440515524,0.7719941933144077
1,0.9353993580170828,-0.7217930728385534,1.2155656221874758,0.0015140240246289138,2.2586006790587456,1.0463953710224607,0.7115424311163631,1.1100229779804174,-0.4208878242554328,0.14748401917695841,1.2799079392734405,0.5469293542689064,1.5500004967932817
1,0.6274517998920536,-0.48010579435586076,1.03331269028942,-0.1482061295220073,0.7182523232255781,0.08770080445131215,0.5013024811113856,-0.5773564005030315,-0.08892825764352193,-0.37013980564352245,0.6236583333549237,0.36382829440515524,1.1054254662339251
1,0.5904980929170509,-0.4711544136713166,0.15849861717875827,0.3009543311179013,0.018093979665047416,0.6469393016178155,0.9518166596934795,-0.8184105974292383,0.4701615387554861,0.018078062971837915,0.3611584909875166,1.2089101091609311,0.5497066780347294
1,0.3441400464170262,-0.6233278853085676,1.7258738315020279,-1.1962472043484609,0.7182523232255781,0.4871568738559573,0.6514738739720839,-0.17559940562601947,-0.4034162681179638,-0.19759853070336242,0.5799083596270225,0.23706602219178843,0.4226852407320561
1,0.06082829294200103,-0.6143765046240235,0.6688068264933104,-0.44764643661527975,-0.12193768904705873,0.24748323221317037,0.4011882192042541,-0.5773564005030315,-0.2636438190182121,-0.34857214627600247,0.7111582808107261,-0.14322079444831062,1.1371808255595934
1,0.08546409759200284,-0.748647214892186,-0.9714695605891812,-1.1962472043484609,-0.12193768904705873,0.16759201833224094,0.611428169209231,-0.6577077994784335,-0.3859447119804948,-0.5858163993187228,0.9736581231781322,0.1103037499784223,0.8672602712914127
1,1.5020228649671374,1.4802465755593133,0.5230044809748664,-1.8849599106629877,1.9785373416345335,1.1262865849033896,1.0118852168377588,-1.3005189912816524,0.854535773779804,0.018078062971837915,-0.2950911149310006,1.2934182906365082,0.0416209288240361
1,0.6890413115170604,-0.5606682205167584,-0.20600724661735154,-0.9866389893831703,1.2083631637179497,1.3659602265461765,1.2621708716055886,-0.17559940562601947,1.3087962333539978,0.46237184594275066,-0.03259127256359398,1.0821478369475643,0.15276468646387528
1,0.5042727766420424,1.3459758652911504,-0.8985683878299593,-0.20809419094066156,-0.6820643638954833,0.24748323221317037,0.6514738739720839,-0.7380591984538358,-0.19375759446833601,-0.3356315506554904,-0.20759116747519823,0.5469293542689064,0.9148933102799152
1,1.083214185917098,-0.39954336819496333,0.8146091720117543,-1.345967357895097,0.08810981402110049,1.5257426543080346,1.5324793787548447,-1.5415731882078594,0.1906166405559819,0.16042461479747017,-0.3388410886589018,1.3356723813742972,1.1054254662339251
1,0.2948684371170226,1.471295194874769,-0.27890841937657346,-0.597366590161916,0.22814148273320664,0.5510698449607007,0.6014167430185177,-0.3363022035768242,0.12073041600610586,-0.30112329566745827,-0.6013409310263088,0.5469293542689064,-0.21242194578131054
1,0.06082829294200103,-0.5069599364094933,-0.9714695605891812,-0.7470867437085521,0.5082048201574189,1.1262865849033896,0.9718395120749059,-0.6577077994784335,0.7671779930924586,-0.007803128269185956,-0.3388410886589018,1.0398937462097757,0.4385629203948903
1,1.4897049626421366,1.5250034789820341,0.2678503763175904,-0.17815016023133495,0.7882681575816312,0.8866129432606025,0.6214395953999441,-0.49700500152762905,-0.5956033856301229,0.07846750920089425,-0.38259106238680296,1.0117243523845834,1.0577924272454227
1,1.6991093021671564,1.122191348177546,-0.31535900575618525,-1.0465270508018247,0.15812564837715357,1.5257426543080346,1.1420337573170303,-0.7380591984538358,1.0467228912919628,-0.06819257449824191,0.3611584909875166,1.166656018423142,1.0101593882569202
1,1.1078499905670998,-0.5875223625703909,-0.8985683878299593,-1.0465270508018247,0.08810981402110049,1.2860690126652476,1.3622851335127206,-1.22016759230625,0.9593651106046182,0.4494312503222386,-0.20759116747519823,1.0117243523845834,0.7561165136515735
1,1.3542080370671223,-0.283175419295889,0.12204803079914649,-0.20809419094066156,0.22814148273320664,0.7268305154987443,0.8917481025492002,-0.3363022035768242,1.378682457903874,0.49256656905727886,0.4924084121712201,0.19481193145399994,0.994281708594086
1,1.1571215998671034,-0.54276545914767,-0.35180959213579543,-0.6273106208712436,0.5782206545134719,0.9345476715891596,1.5124565263734184,-0.3363022035768242,0.854535773779804,1.6572201749033606,0.7111582808107261,0.6877763233948692,1.6293888951074527
1,0.06082829294200103,-0.54276545914767,-1.1901730788668472,-2.1245121563376053,-0.5420326951833772,0.6788957871701872,1.2421480192241623,-1.5415731882078594,2.304674933189731,0.9239197564076795,0.7111582808107261,0.4201670820555403,1.2800799425251008
1,1.0216246742920914,-0.6143765046240235,0.851059758391366,-0.6871986822898979,-0.40200102647127106,0.24748323221317037,0.9618280858841929,-1.1398161933308477,1.221438452666653,0.23375465664703823,1.2361579655455393,1.0680631400349683,1.6452665747702868
1,1.0093067719670905,-0.5248626977785816,0.19494920355836842,-1.6454076649883695,0.7882681575816312,2.5323719492077403,1.7126850501876825,-0.3363022035768242,0.48763309489295514,0.8592167783051193,0.22990856980381308,0.9131314739964089,1.4071013798277743
1,0.9477172603420837,-0.3905919875104192,1.1426644494282538,-0.7171427129992245,1.0683314950058436,1.1262865849033896,0.7615995620699288,0.22615758925099208,0.15567352828104386,0.5357018877923189,0.7549082545386262,0.44833647588073283,1.9945755273526384
1,0.910763553367081,-0.5964737432549351,-0.42471076489501736,-0.926750927964516,1.2783789980740028,0.4871568738559573,0.8717252501677739,-1.22016759230625,0.05084419145623018,0.3415929534846384,-0.16384119374729705,0.8286232925208319,0.994281708594086
1,0.6890413115170604,-0.54276545914767,0.3407515490768124,0.3009543311179013,1.1383473293618966,1.0623736137986464,0.7515881358792155,-1.3005189912816524,1.5009833508661572,0.514134228424799,0.09865864862010955,0.589183445006695,1.184813864548096
1,1.5020228649671374,-0.5696196012013026,-0.24245783299696333,-0.9566949586738426,1.2783789980740028,1.445851440427106,0.9718395120749059,-0.8184105974292383,0.7671779930924586,0.570210142780351,-0.07634124629149516,0.9835549585593906,0.708483474663071
1,0.35645794874202713,-0.3279323227186099,1.1426644494282538,-0.8069748051272064,0.15812564837715357,1.1262865849033896,1.2021023144613094,-0.41665360255222667,0.12073041600610586,0.4062959315871986,0.4924084121712201,0.32157420366736605,1.661144254433121
1,0.8861277487170792,-0.8113068796839953,0.4865538945952563,-0.836918835836534,0.5782206545134719,1.7654162959508217,1.64260506685269,-1.3808703902570547,0.784649549229928,0.7513784814675192,-0.2950911149310006,0.36382829440515524,1.7087772934216234
2,-0.7767890651580801,-1.24992453322666,-3.6688129526803914,-2.6635047091054957,-0.8220960326075895,-0.5034941782675629,-1.4609370522684,-0.6577077994784335,-2.04574254504005,-1.340684477181924,0.4049084647154178,-1.115064881417452,-0.7205076949920038
2,-0.8260606744580837,-1.106702442273953,-0.31535900575618525,-1.0465270508018247,0.08810981402110049,-0.39164647883426257,-0.9403428903513138,2.1545911646606477,-2.063214101177519,-0.7712982698793951,1.2799079392734405,-1.3263353351063962,-0.21242194578131054
2,-0.444205702383047,-0.8739665444758044,-1.2630742516260691,-0.8069748051272064,0.018093979665047416,-0.4395812071628197,-0.6199772522484919,1.3510771749066246,-1.6963114222906697,0.2984576347495985,0.09865864862010955,-1.439012910407166,-0.9427952102716822
2,0.8245382370920725,-0.9724317320057903,-1.627580115422179,-0.44764643661527975,-0.40200102647127106,-0.3117552649533331,-0.2395430570013904,-0.3363022035768242,-1.504124304778511,-0.5426810805836828,1.192407991817638,-0.21364427901129165,-0.37119874240965217
2,-0.7767890651580801,-1.0798483002203207,-0.7527660423115153,-0.1482061295220073,-0.8921118669636425,1.9251987237126797,1.071953773982038,-1.3808703902570547,0.48763309489295514,-0.2623015088059223,1.1486580180897368,0.36382829440515524,-1.0380612882486873
2,-1.0231471116581026,-0.7934041183149069,0.5959056537340884,-0.1482061295220073,0.2981573170892597,-0.6472983632532353,-0.27958876176424313,0.7082659831034059,-0.9799776206544408,-0.9093312898315231,2.154907413831463,-0.5375923080010057,-1.2444711238655315
2,-0.7767890651580801,-1.0082372547439673,0.7052574128729222,-0.4177024059059521,-0.12193768904705873,0.19954850388461257,0.6214395953999441,0.06545479130018728,0.854535773779804,-0.19759853070336242,1.0174080969060333,-0.438999429612832,-0.21877301764644422
2,0.13473570689200645,-1.1872648684348506,-2.4294930157736196,-1.345967357895097,-1.5222543761681202,1.0943300993510179,1.1520451835077437,-0.8184105974292383,1.2039668965291836,0.10434870044191812,0.7111582808107261,0.8004538986956393,-0.7776673417782068
2,-0.7767890651580801,-1.044042777482144,-1.627580115422179,0.03145805473395658,-1.5222543761681202,-0.29577702217714763,-0.029303106996413357,-0.7380591984538358,-0.9625060645169718,-0.16309027571533033,0.7111582808107261,1.222994806073527,-0.7522630543176723
2,0.41804746036703383,-1.24992453322666,-0.023754314719297436,-0.7470867437085521,0.7182523232255781,0.3753091744226562,-0.7301029403463368,1.5117799728574295,-2.04574254504005,-0.8144335886144352,0.27365854353171426,-0.9601332153788935,0.009865569498367772
2,-0.9738755023580968,-1.0261400161130556,-2.247240083875565,-0.8069748051272064,3.5889015318237543,-0.7112113343579782,-0.7501257927277633,-1.7826273851340662,1.5883411315535019,-0.9524666085665633,1.411157860457144,0.6455222326570801,-0.0917515803437709
2,-0.8753322837580896,-0.6501820273622,-0.5705131104134613,0.27101030040857366,0.22814148273320664,-1.9095795425719138,-1.0104228736863061,0.06545479130018728,-0.22870070674327406,-0.8661959710964833,-0.2250911569663587,-1.115064881417452,0.3909298814063878
2,1.0585783812670941,-0.7396958342076418,1.106213863048642,1.648435713037627,-0.9621277013196956,1.0463953710224607,0.8316795454049211,-1.22016759230625,0.48763309489295514,-0.723849419270851,1.7611576502803534,0.7722845048704469,-1.0698166475743556
2,0.6028159952420518,-0.6054251239394793,-0.46116135127462754,1.3489954059443547,-0.8921118669636425,-0.6632766060294212,-0.18948592604782438,-0.7380591984538358,-0.9799776206544408,-0.5685622718247066,0.09865864862010955,0.23706602219178843,-0.8729334197552119
2,-0.013079121008006586,-0.5964737432549351,0.851059758391366,3.145637248503989,2.7487115195511174,1.6056338681889635,0.8617138239770609,-1.22016759230625,0.6448771001301759,-0.736790014891363,1.5424077816408475,1.2511641998987195,0.7561165136515735
2,-1.281823060483126,-1.1156538229584971,-0.24245783299696333,0.4506744846645375,0.08810981402110049,1.73345981039845,0.11085685967357146,-1.8629787841094687,0.10325885986863684,-0.7971794611204192,0.14240862234801072,0.7300304141326577,0.4417384563274571
2,-1.6513601302331617,-0.40849474887950754,-1.627580115422179,-1.0465270508018247,-0.1919535234031118,-1.0946891609864378,-0.4597944331970806,-0.17559940562601947,-0.7703189470048131,-0.5426810805836828,1.192407991817638,-0.6643545802143718,-1.0126570007881526
2,0.03619248829199704,-1.2857300559648366,-2.3930424293940087,-1.0465270508018247,-0.9621277013196956,-0.5514289065961204,0.0007311715757260286,-0.979113395380043,-0.22870070674327406,-0.19759853070336242,1.0174080969060333,-0.18547488518609911,-1.1269762943605586
2,-1.429637888383141,0.4955947002594542,-0.49761193765423933,-0.44764643661527975,0.8582839919376842,-0.918928490448394,-0.7100800879649104,0.5475631851526012,-1.119750069754193,-1.0387372460366435,0.011158701164307191,-0.12913609753571403,-0.7840184136433406
2,-0.8260606744580837,-1.205167629803939,-1.518228356283346,-1.4058554193137514,2.538664016482958,-0.6313201204770496,-0.17947449985711117,-0.09524800665061753,2.042601591127695,-0.7152223555238431,0.448658438443319,-0.42491473270023544,0.009865569498367772
2,-0.3702982884330416,1.3728300073447832,0.12204803079914649,1.0495550988510822,0.08810981402110049,0.8546564577082308,0.5213253334928121,0.5475631851526012,0.6274055439927069,-1.0732455010246755,1.0174080969060333,0.7300304141326577,-0.9015132431483134
2,-1.2325514511831224,-1.2678272945957483,-1.335975424385291,-0.1482061295220073,-0.9621277013196956,0.19954850388461257,0.23099397396212942,-0.49700500152762905,-0.2811153751556811,-1.1034402241392036,1.8486575977361548,0.7159457172200617,-1.4889873906731776
2,-0.3456624837830376,-0.4711544136713166,-0.6069636967930715,-0.20809419094066156,-0.9621277013196956,-0.1519728371914748,0.5013024811113856,-0.8184105974292383,0.312917533518265,-0.49954576184864274,0.8861581757223298,0.7441151110452543,-0.10445372407403823
2,-1.134008232583113,-1.0798483002203207,0.5230044809748664,1.3489954059443547,-1.5222543761681202,-0.4715376927151913,-0.44978300700636736,0.3065089882263945,-0.33353004356808813,-1.2328461803443238,1.5424077816408475,0.15255784071621142,-0.37119874240965217
2,0.06082829294200103,1.3638786266602387,-0.16955666023774135,0.8998349453044462,-1.0321435356757487,-1.0307761898816947,-0.43977158081565415,1.9938883667098428,0.05084419145623018,-0.1113278932332822,-0.5138409835705064,-0.8474556400781237,-0.736385374654838
2,-1.429637888383141,-1.2946814366493806,0.7781585856321441,-0.44764643661527975,-0.40200102647127106,-0.1519728371914748,0.18093684300856364,-1.1398161933308477,1.3262677894914672,-0.8661959710964833,-0.7325908522100119,0.6596069295696766,-0.7205076949920038
2,-0.4072519954080443,-1.2141190104884831,-0.46116135127462754,-0.44764643661527975,-0.05192185469100565,-0.1519728371914748,-0.08937166414069256,-0.49700500152762905,-0.22870070674327406,-1.0516778416571555,1.192407991817638,0.7722845048704469,-0.9427952102716822
2,-1.0354650139831034,-0.6501820273622,-0.20600724661735154,0.9896670374324281,-0.6820643638954833,-0.823059033791279,-0.33965731890852235,0.5475631851526012,-0.0539851453685839,-1.1250078835067236,1.6299077290966497,-0.49533821726321714,-0.7998960933061747
2,-1.6636780325581628,-0.5964737432549351,0.9239609311505881,1.9478760201308996,-0.8220960326075895,-0.5993636349246779,-0.4197487284342277,0.3065089882263945,-0.43835938039290184,-1.0603049054041636,1.7611576502803534,0.8427079894334278,-0.5871351858241969
2,-1.6759959348831637,-0.24736989655771224,0.3407515490768124,0.6303386689205015,-1.1021593700318018,-0.5514289065961204,-0.33965731890852235,0.9493201800296127,-0.4208878242554328,-0.9740342679340834,0.1861585960759119,0.19481193145399994,-0.21242194578131054
2,-1.134008232583113,-0.9008206865294368,-0.24245783299696333,1.229219283107046,-2.0823810510165446,-0.1519728371914748,-0.43977158081565415,0.46721178617719883,-0.36847315584302615,-1.431268646525508,0.4924084121712201,0.8427079894334278,-0.3870764220724863
2,-1.134008232583113,-0.45325165230222825,-0.16955666023774135,-0.29792628306864355,-1.312206873099961,-1.1106674037626236,-0.529874416532073,1.2707257759312223,0.08578730373116783,-1.1465755428742437,0.5361583858991213,-0.4812535203506205,-0.8475291322946772
2,-1.2325514511831224,-0.7396958342076418,0.19494920355836842,0.75011479175781,-0.9621277013196956,-1.3503410454054108,-0.7801600712999028,1.1100229779804174,0.06831574759369882,-0.6289517180537628,0.4049084647154178,0.053964962328037214,-0.9427952102716822
2,-0.3826161907580425,-0.7217930728385534,-0.38826017851540723,0.3608423925365556,-1.382222707456014,-1.4621887448387116,-0.5699201212949259,1.7528341697836358,0.05084419145623018,-0.8661959710964833,0.011158701164307191,-0.7770321555151419,-0.7998960933061747
2,-0.8753322837580896,0.4418864161521891,-0.5340625240338495,-0.44764643661527975,-0.8220960326075895,0.24748323221317037,0.22098254777141643,-0.8987619964046406,0.6972917685425829,-1.2544138397118438,0.8424082019944286,0.9694702616467941,-1.4508809594823757
2,-1.7006317395331676,-0.31002956134952153,-0.31535900575618525,-0.44764643661527975,-0.12193768904705873,1.1582430704557611,0.23099397396212942,-1.5415731882078594,-0.4208878242554328,-0.779925333626403,0.8861581757223298,0.49059056661852135,-1.2762264831911998
2,-0.6536100419080667,-0.7307444535230976,-0.6069636967930715,-0.1482061295220073,4.359075709740338,0.3273744460940991,0.24100540015284283,-0.3363022035768242,2.9511225102760834,-1.0603049054041636,0.8861581757223298,0.025795568502844667,0.6036907888883656
2,-1.4665915953581439,-0.19366161245044716,1.3613679677059196,0.6003946382111738,2.3986323477708518,-1.1106674037626236,-1.0404571522584458,-1.7826273851340662,-0.0539851453685839,-1.1034402241392036,-0.03259127256359398,-0.49533821726321714,-0.3870764220724863
2,-0.8753322837580896,-0.8292096410530836,-1.4088765971445132,-1.0465270508018247,-1.0321435356757487,0.40726565997502784,0.47126820253924634,-0.5773564005030315,0.312917533518265,-0.9308989491990433,1.192407991817638,0.180727234541404,-1.0126570007881526
2,-0.7767890651580801,-1.1335565843275857,-0.9714695605891812,-0.29792628306864355,-0.8220960326075895,1.9571552092650515,1.7226964763783954,-0.979113395380043,0.6274055439927069,-0.24073384943840231,0.3611584909875166,0.22298132527919248,-0.2759326644326472
2,-0.8753322837580896,0.746233359426691,-0.5705131104134613,-0.44764643661527975,-0.8220960326075895,0.8866129432606025,0.9618280858841929,0.7082659831034059,2.129959371815041,-1.1897108616092837,2.0236574926477595,0.3074895067547701,-1.082518791304623
2,-1.134008232583113,-0.22946713518862388,-2.4294930157736196,-0.597366590161916,-0.1919535234031118,-0.10403810886291773,0.1408911382457108,-0.8184105974292383,-0.33353004356808813,-0.7583576742588831,1.3674078867292427,0.49059056661852135,-0.11715586780430556
2,-0.4934773116830528,-0.8918693058448927,-1.7004812881814009,-0.29792628306864355,-0.8220960326075895,-1.3503410454054108,-0.6700343832020577,-0.5773564005030315,-0.4208878242554328,-1.1250078835067236,0.3611584909875166,0.22298132527919248,-0.5871351858241969
2,-0.8137427721330829,0.10173395013951064,0.3407515490768124,0.4506744846645375,-0.12193768904705873,0.42324390275121404,0.08082258110143165,-0.17559940562601947,-0.4907740488053089,-0.9740342679340834,-0.6888408784821107,1.0821478369475643,-0.9809016414624843
2,-1.454273693033143,-0.5517168398322142,-1.7733824609406228,0.0015140240246289138,-0.9621277013196956,0.3273744460940991,-0.38971444986208836,0.06545479130018728,-0.2985869312931501,-1.2932356265733798,-0.07634124629149516,-0.24181367283648422,-1.0539389679115214
2,-0.6043384326080631,-0.54276545914767,-1.4088765971445132,0.3009543311179013,-1.0321435356757487,-0.1519728371914748,-0.10939451652211897,-0.3363022035768242,-0.19375759446833601,-0.9136448217050273,0.3611584909875166,1.3497570782868933,-0.2378262332418452
2,-0.7151995535330734,0.19124775698495206,-0.35180959213579543,0.75011479175781,-0.6820643638954833,-0.9828414615531372,-0.18948592604782438,2.3956453615868547,-0.2985869312931501,-1.0171695866691235,-0.42634103611470414,0.9694702616467941,-1.3714925611682047
2,-0.9246038930580932,-0.54276545914767,-0.8985683878299593,-0.1482061295220073,-1.382222707456014,-1.0307761898816947,0.0007311715757260286,0.06545479130018728,0.06831574759369882,-0.7152223555238431,0.1861585960759119,0.7863692017830428,-0.7522630543176723
2,-0.3456624837830376,-0.5248626977785816,-0.31535900575618525,0.8998349453044462,-1.1021593700318018,-1.4621887448387116,-0.2695773355735299,0.9493201800296127,0.06831574759369882,-0.7583576742588831,-0.3388410886589018,-0.26998306666167676,-0.8221248448341425
2,-0.9615576000330959,-0.9366262092676135,-1.554678942662957,-0.1482061295220073,-0.5420326951833772,0.10367904722749761,0.010742597766439453,0.22615758925099208,0.854535773779804,-1.0171695866691235,-0.42634103611470414,0.575098748094099,-1.3810191689659053
2,-1.7129496418581684,-0.8829179251603485,1.2155656221874758,0.15123417757126514,-0.40200102647127106,0.7108522727225588,0.8917481025492002,-0.5773564005030315,1.5708695754160333,-1.0387372460366435,0.011158701164307191,0.9131314739964089,-0.21242194578131054
2,-1.8977181767331843,1.2564620584457091,-1.992085979218288,0.0015140240246289138,0.5082048201574189,1.4138949548747344,0.5513596120649519,-0.979113395380043,3.4752691944001537,-0.9308989491990433,-0.9075907471216166,0.2793201129295776,-0.5871351858241969
2,-0.5920205302830622,0.08383118877042228,-0.7163154559319053,0.4506744846645375,-0.8220960326075895,0.40726565997502784,0.24100540015284283,-0.8184105974292383,-0.64801805404253,-1.319116817814404,-0.2513411412030994,0.23706602219178843,-1.3397372018425364
2,-1.5281811069831506,0.3076157058840266,2.017478522538916,0.15123417757126514,0.22814148273320664,-0.8709937621198365,0.0007311715757260286,1.9135369677344405,-0.9450345083795029,-0.5426810805836828,1.192407991817638,-0.15730549136090657,-0.4442360688586893
2,-1.959307688358191,-1.4289521469175432,0.4865538945952563,0.4506744846645375,-0.8220960326075895,0.2954179605417275,-0.019291680805700376,0.46721178617719883,-0.2636438190182121,-0.8532553754759711,0.6236583333549237,-0.42491473270023544,-0.9936037851927515
2,-1.134008232583113,-0.847112402422172,0.4865538945952563,0.8998349453044462,-1.1021593700318018,0.42324390275121404,0.2610282525342693,0.5475631851526012,-0.9625060645169718,-0.9308989491990433,-0.12009122001939586,0.8145385956082353,-1.1492050458885266
2,-2.4273879767082365,-0.7396958342076418,-0.6069636967930715,0.6003946382111738,-1.0321435356757487,0.2634614749893558,0.1408911382457108,1.2707257759312223,0.7322348808175205,-1.362252136549444,3.292406730756893,0.36382829440515524,-1.079343255372056
2,-1.454273693033143,-0.7755013569458186,-1.3724260107649022,0.39078642324588325,-0.9621277013196956,-0.5034941782675629,-0.42976015462494094,-0.49700500152762905,-0.10639981378099093,-1.340684477181924,-0.03259127256359398,1.0117243523845834,-0.7998960933061747
2,-0.7151995535330734,-0.6501820273622,-0.6434142831726832,0.8998349453044462,0.5782206545134719,-0.4715376927151913,0.06079972872000524,-0.17559940562601947,0.03337263531876117,-1.2932356265733798,0.448658438443319,0.49059056661852135,-1.2762264831911998
2,-0.28407297215803307,0.9789692572248396,-1.4088765971445132,-1.0465270508018247,-1.382222707456014,-1.0627326754340665,-0.7801600712999028,0.5475631851526012,-1.3294087434038209,-0.7152223555238431,-1.1263406157611224,-0.6925239740395643,-1.1904870130118954
2,-1.2325514511831224,0.9789692572248396,-1.335975424385291,-0.1482061295220073,-0.8921118669636425,-0.4715376927151913,-0.38971444986208836,0.06545479130018728,0.48763309489295514,-1.6296911127066922,-0.12009122001939586,0.6173528388318875,-0.5807841139590633
2,-1.9100360790581874,0.05697704671678953,0.19494920355836842,0.15123417757126514,-0.2619693577591649,0.9665041571415313,0.7615995620699288,-0.3363022035768242,0.41774687034307906,-0.779925333626403,-0.6888408784821107,1.0962325338601608,-0.3870764220724863
2,-1.7745391534831731,-0.2563212772422567,3.147446700306855,2.6964767878640807,1.3483948324300559,1.4138949548747344,3.05421615974325,0.8689687810542104,0.48763309489295514,0.4062959315871986,-0.12009122001939586,1.5187734412380485,-0.8951621712831798
2,-0.7151995535330734,1.8741073256792564,1.324917381326308,2.0975961736775357,0.15812564837715357,-0.1519728371914748,0.10084543348285804,0.5475631851526012,0.2080881966934509,-1.284608562826372,-0.16384119374729705,0.7159457172200617,-1.2127157645398632
2,0.06082829294200103,3.1004464794618083,-0.8621178014503491,0.6003946382111738,-0.9621277013196956,0.519113359408329,0.6214395953999441,-0.49700500152762905,0.7322348808175205,-1.0603049054041636,-0.9950906945774189,0.6877763233948692,-1.1650827255513607
2,-1.3926841814081385,1.7666907574647264,0.08559744441953632,0.4506744846645375,-1.242191038743908,0.9025911860367879,1.0018737906470454,-1.22016759230625,2.304674933189731,-0.9740342679340834,-0.9075907471216166,1.4483499566750675,-1.1650827255513607
2,-1.1463261349081137,-0.15785608971227044,-0.7163154559319053,0.4506744846645375,-1.0321435356757487,0.4871568738559573,0.6214395953999441,0.06545479130018728,-0.4208878242554328,-0.9912883954280994,-0.42634103611470414,0.9413008678216015,-1.1714337974164943
2,-0.7028816512080726,-0.7217930728385534,-0.27890841937657346,0.6003946382111738,-0.9621277013196956,0.7108522727225588,1.1220109049356037,0.22615758925099208,0.312917533518265,-0.4822916343546267,-1.1700905894890237,0.32157420366736605,-1.253997731663232
2,-1.4912274000081478,-0.18471023176590318,1.507170313224362,2.6964767878640807,-0.5420326951833772,-0.263820536624776,0.21097112158070347,1.7528341697836358,0.295445977380796,-0.8877636304640032,0.054908674892208374,-0.24181367283648422,-0.8919866353506128
2,-0.7767890651580801,-0.6322792659931118,-0.24245783299696333,1.498715559490991,-0.8220960326075895,-0.12001635163910318,0.42121107158568055,0.3065089882263945,0.5400477633053617,-1.2673544353323558,-0.2950911149310006,0.23706602219178843,-1.2857530909889003
2,-1.1832798418831187,1.7577393767801823,0.04914685803992452,0.75011479175781,-1.382222707456014,-0.3117552649533331,-0.27958876176424313,0.46721178617719883,-0.4208878242554328,-1.0603049054041636,-0.7325908522100119,-0.05871261297273297,-0.5299755390379939
3,-0.17321185123302274,-0.8829179251603485,-0.16955666023774135,-0.44764643661527975,1.558442335498215,-1.254471588748296,-0.7801600712999028,-1.22016759230625,-1.1372216258916619,-0.41327512437856273,-0.8638407733937155,-1.861553817785054,-0.37119874240965217
3,-0.14857604658301873,0.5851085071048961,0.12204803079914649,0.15123417757126514,0.2981573170892597,-1.5900146870481977,-0.8101943498720424,-0.979113395380043,-1.3294087434038209,0.14748401917695841,-0.9513407208495178,-1.6784527579213027,-0.6887523356663355
3,-0.23480136285802725,-0.023585379444107903,0.12204803079914649,1.3489954059443547,-0.12193768904705873,-1.829688328690985,-0.9403428903513138,-0.7380591984538358,-1.3294087434038209,0.27688997538207855,-1.3013405106727267,-1.76296093939688,-0.5934862576893306
3,-0.3702982884330416,1.0863858254393695,-0.023754314719297436,0.6003946382111738,0.43818898580136584,-0.9508849760007656,-0.8302172022534688,-1.5415731882078594,-1.311937187266352,-0.025057255763202,-0.7763408259379131,-1.861553817785054,-0.46646482038665715
3,-0.6043384326080631,-0.9813831126903345,-0.42471076489501736,-0.597366590161916,-1.0321435356757487,-0.4715376927151913,-1.4509256260776866,1.9135369677344405,-0.5956033856301229,0.16905167854447836,-0.9075907471216166,-1.5516904857079363,-0.3076880237583155
3,-0.4934773116830528,0.11068533082405461,-0.6069636967930715,-0.29792628306864355,-0.40200102647127106,-1.078710918210252,-1.370834216551981,2.1545911646606477,-1.1372216258916619,0.8807844376726393,-0.9950906945774189,-1.4530976073197623,-0.16478890679280805
3,-0.9246038930580932,2.1336973655310376,0.6323562401137002,0.4506744846645375,-0.7520801982515364,-1.4621887448387116,-1.5610513141755318,1.3510771749066246,-1.3818234118162278,-0.5211134212161627,-0.9075907471216166,-1.8897232116102465,-0.08540050847863724
3,-0.5797026279580613,2.8408564396100275,0.99686210390981,1.648435713037627,-0.2619693577591649,-0.8070807910150932,-1.43090277369626,2.1545911646606477,-0.8576767276921577,-0.025057255763202,-0.6013409310263088,-1.2981659412812037,-0.736385374654838
3,0.6028159952420518,1.122191348177546,-0.6434142831726832,0.0015140240246289138,-0.8220960326075895,-1.078710918210252,-1.5510398879848186,1.7528341697836358,-1.2420509627164757,0.27688997538207855,-0.6450909047542095,-1.115064881417452,-0.5299755390379939
3,-0.19784765588302453,0.5582543650512634,0.8875103447709762,1.3489954059443547,0.08810981402110049,0.039766076122754325,-1.43090277369626,1.3510771749066246,-1.3643518556787586,-0.05956551075123408,-0.2950911149310006,-0.6502698833017758,-0.4982201797123255
3,-0.0869865349580142,0.42398365478310074,1.2155656221874758,0.4506744846645375,-0.2619693577591649,-1.2065368604197384,-1.531017035603392,1.3510771749066246,-1.4691811925035727,-0.19759853070336242,-0.8200907996658142,-0.42491473270023544,-0.46646482038665715
3,0.44268326501703564,0.20019913766949643,-0.06020490109890761,0.15123417757126514,-0.7520801982515364,-1.43023225928634,-1.531017035603392,0.06545479130018728,-1.6613683100157317,0.23375465664703823,-1.1263406157611224,-0.19955958209869507,0.10513164747537276
3,0.6397697022170545,0.746233359426691,1.2884667949466977,1.1992752523977186,-0.1919535234031118,-1.1905586176435525,-1.5109941832219658,1.1100229779804174,-1.8186123152529527,-0.3054368275409626,-0.2950911149310006,-0.7770321555151419,-0.7205076949920038
3,0.7629487254670657,2.339579121275554,-0.06020490109890761,0.15123417757126514,-0.5420326951833772,-0.4715376927151913,-1.2306742498819963,0.8689687810542104,-0.9974491767919099,-0.28386916817344227,-0.20759116747519823,-0.7911168524277385,-0.6252416170149989
3,-0.9246038930580932,1.3817813880293273,-0.6069636967930715,-0.29792628306864355,0.8582839919376842,-1.4621887448387116,-1.2506971022634228,-0.5773564005030315,-0.7877905031422822,1.3595864756315845,-1.345090484400628,-0.8615403369907196,0.3432968424178853
3,0.19632521851701315,1.1042885868084578,-0.7892166286911272,0.4506744846645375,0.15812564837715357,-1.2704498315244817,-1.480959904649826,0.5475631851526012,-0.5082456049427779,-0.4564104431136026,-1.5638403530401337,-1.3122506381938,0.26390844410371445
3,1.083214185917098,2.4201415474364514,-0.49761193765423933,0.15123417757126514,-1.382222707456014,-2.101318455886144,-1.6911998546548033,0.3065089882263945,-1.5914820854658556,-0.06819257449824191,-1.6513403004959362,-1.8052150301346688,-1.0539389679115214
3,-0.16089394890802183,2.0352321780010523,0.41365272183603435,0.6003946382111738,-0.9621277013196956,-0.9508849760007656,-1.3808456427426943,0.8689687810542104,-1.2769940749914137,1.11802869071536,-1.8263401954075404,-1.058726093767067,-0.3870764220724863
3,0.393411655717032,0.8088930242185004,0.04914685803992452,0.6003946382111738,-0.5420326951833772,-0.583385392148492,-1.270719954644849,0.7082659831034059,-0.5956033856301229,1.4501706449751683,-1.7825902216796392,-1.3967588196693772,-0.3076880237583155
3,0.09778199991700375,1.3996841493984156,-0.023754314719297436,0.6003946382111738,0.9282998262937373,-1.414254016510154,-0.6400001046299182,-0.17559940562601947,-0.7877905031422822,1.872896768578561,-1.6950902742238374,-1.8052150301346688,-0.6252416170149989
3,0.6151338975670527,0.7014764560039702,0.9239609311505881,1.3489954059443547,1.6284581698542682,-1.43023225928634,-0.4597944331970806,-1.1398161933308477,-0.5956033856301229,1.5278142186982402,-1.607590326768035,-1.8474691208724576,-0.7840184136433406
3,-0.25943716750803125,0.2986643251994822,0.41365272183603435,0.75011479175781,0.8582839919376842,-1.3024063170768534,-0.6700343832020577,-0.979113395380043,-0.578131829492654,2.476791230869122,-2.0888400377749474,-1.6080292733583212,-0.8475291322946772
3,0.13473570689200645,-0.3905919875104192,1.39781855408553,1.7981558665842634,1.1383473293618966,-0.1519728371914748,-0.7501257927277633,-0.8184105974292383,-0.0539851453685839,0.8807844376726393,-1.5200903793122327,-1.8052150301346688,-1.022183608585853
3,0.2825505347920217,0.8626013083257651,-0.31535900575618525,-0.29792628306864355,-0.12193768904705873,-0.7911025482389074,-1.2006399713098568,1.9938883667098428,0.48763309489295514,2.3560123384110097,-1.738840247951738,-1.5516904857079363,-0.22829962544414473
3,-0.5181131163330546,-0.9366262092676135,-0.9714695605891812,0.15123417757126514,0.22814148273320664,-1.3024063170768534,-1.4509256260776866,1.3510771749066246,-0.33353004356808813,1.0964610313478396,-1.6513403004959362,-1.4953516980575512,-0.33944338308398386
3,0.20864312084201406,2.554412257704614,-0.16955666023774135,0.75011479175781,-0.47201686082732414,-0.8869720048960223,-1.4008684951241208,1.9938883667098428,-0.0714567015060529,1.2258669875529602,-1.5638403530401337,-1.593944576445725,-0.06952282881580307
3,1.0339425766170922,1.5966145244583876,0.04914685803992452,0.0015140240246289138,-0.7520801982515364,-0.7911025482389074,-1.2006399713098568,0.9493201800296127,-0.0539851453685839,1.7046690255119046,-1.6950902742238374,-1.368589425844185,-0.8475291322946772
3,-0.6782458465580707,0.6209140298430724,0.99686210390981,2.247316327224172,-0.1919535234031118,-0.6313201204770496,-1.4509256260776866,2.1545911646606477,-0.7877905031422822,1.0533257126127997,-1.2575905369448255,-1.2418271536308185,0.4226852407320561
3,1.6498376928671505,-0.5875223625703909,1.2155656221874758,1.648435713037627,-0.12193768904705873,0.806721729379673,-0.7200915141556237,1.3510771749066246,1.9377722543028824,3.425768243040003,-1.6950902742238374,-0.9178791246411047,-0.2759326644326472
3,0.5904980929170509,-0.5964737432549351,0.99686210390981,0.8998349453044462,-0.7520801982515364,0.4871568738559573,-0.9303314641606006,1.2707257759312223,1.221438452666653,2.8865767588520024,-1.6950902742238374,-1.171403669067837,-0.40295410173532054
3,-0.7891069674830811,1.3370244846066064,0.04914685803992452,0.4506744846645375,-0.8220960326075895,0.007809590570382679,-1.1105371355934381,1.1100229779804174,-0.9625060645169718,1.11802869071536,-1.738840247951738,-1.4530976073197623,-0.7205076949920038
3,0.8491740417420742,0.8267957855875884,0.6323562401137002,0.15123417757126514,0.5082048201574189,-0.74316781991035,-1.470948478459113,1.1100229779804174,-1.3818234118162278,0.3545335491051505,0.011158701164307191,-1.115064881417452,-0.21242194578131054
3,-0.18552975355802362,0.8357471662721327,0.7781585856321441,0.75011479175781,0.43818898580136584,-1.0307761898816947,-1.43090277369626,1.9135369677344405,-1.102278513616724,0.2251275929000304,-0.38259106238680296,-0.706608670952161,-0.5617308983636622
3,-0.050032827983009294,0.996872018593928,-0.06020490109890761,-0.29792628306864355,0.43818898580136584,-1.4462105020625258,-1.3307885117891283,0.3065089882263945,-1.1372216258916619,0.0957216366949103,-1.2138405632169245,-1.213657759805626,-0.22829962544414473
3,0.9600351626670847,0.37922675136037964,-0.24245783299696333,0.75011479175781,-0.6820643638954833,-1.5101234731672686,-1.3508113641705546,0.38686038720179644,-0.9799776206544408,1.950540342301633,-1.1263406157611224,-1.3122506381938,-0.4188317813981547
3,0.8984456510420801,1.811447660887448,-0.38826017851540723,0.8998349453044462,-0.8220960326075895,-1.6219711726005694,-1.5610513141755318,1.2707257759312223,-0.7703189470048131,0.6737349077444471,-0.7763408259379131,-1.213657759805626,-0.7205076949920038
3,0.553544385942046,1.2206565357075323,0.851059758391366,1.0495550988510822,0.7882681575816312,-0.9508849760007656,-1.1105371355934381,0.5475631851526012,-0.22870070674327406,2.4250288483870737,-0.4700910098426053,-1.481267001144955,-0.16478890679280805
3,-0.22248346053302634,0.9252609731175746,-0.24245783299696333,0.0015140240246289138,-0.8220960326075895,-1.3024063170768534,-1.370834216551981,0.3065089882263945,-1.084806957479255,2.2438605096999056,-1.0388406683053202,-1.213657759805626,-0.1965442661184764
3,0.7136771161670621,0.2181018990385848,1.179115035807864,1.498715559490991,0.36817315144531276,-1.1905586176435525,-1.1906285451191438,0.22615758925099208,-0.08892825764352193,1.5536954099392644,-0.9513407208495178,-1.1432342752426445,0.009865569498367772
3,0.49195487431704144,2.026280797316508,1.7987750042612498,1.648435713037627,0.8582839919376842,-0.5034941782675629,-1.0704914308305853,-0.7380591984538358,-0.8402051715546888,1.4846788999632003,-1.2575905369448255,-0.9742179122914898,-0.37119874240965217
3,-0.9861934046830999,0.6209140298430724,-0.16955666023774135,-0.1482061295220073,-0.2619693577591649,-1.6699059009291268,-1.5410284617941055,0.3065089882263945,-1.504124304778511,0.19061933791199834,-1.3013405106727267,-1.100980184504856,-0.7522630543176723
3,-0.28407297215803307,0.04802566603224555,-0.31535900575618525,0.0015140240246289138,-0.9621277013196956,-1.4462105020625258,-1.521005609412679,0.9493201800296127,-1.6613683100157317,2.0885729309005736,-1.6950902742238374,-1.3826741227567814,-0.8792844916203455
3,1.4281154510171299,0.15544223424677533,0.41365272183603435,0.15123417757126514,-0.6120485295394302,-0.9828414615531372,-1.3307885117891283,0.6279145841280036,-0.6130749417675919,2.002302724783681,-1.4763404055843314,-1.269996547456011,-0.2759326644326472
3,0.8738098463920783,2.9661757691936463,0.3043009626972022,0.3009543311179013,-0.331985192115218,-0.9828414615531372,-1.4208913475055471,1.2707257759312223,-0.9275629522420339,1.1395963500828798,-1.3888404581285292,-1.2277424567182222,-0.02188978982730056
3,0.49195487431704144,1.4086355300829598,0.41365272183603435,1.0495550988510822,0.15812564837715357,-0.7911025482389074,-1.2807313808355623,0.5475631851526012,-0.3160584874306191,0.9670550751427194,-1.1263406157611224,-1.481267001144955,0.009865569498367772
3,0.3318221440920253,1.7398366154110945,-0.38826017851540723,0.15123417757126514,1.418410666786109,-1.1266456465388093,-1.3407999379798416,0.5475631851526012,-0.4208878242554328,2.217979318458881,-1.607590326768035,-1.481267001144955,0.2797861237665486
3,0.20864312084201406,0.22705327972312878,0.01269627166031435,0.15123417757126514,1.418410666786109,-1.0307761898816947,-1.3508113641705546,1.3510771749066246,-0.22870070674327406,1.829761449843521,-1.5638403530401337,-1.3967588196693772,0.2956638034293828
3,1.3911617440421271,1.5787117630892988,1.3613679677059196,1.498715559490991,-0.2619693577591649,-0.39164647883426257,-1.270719954644849,1.5921313718328318,-0.4208878242554328,1.7866261311084803,-1.5200903793122327,-1.4249282134945698,-0.5934862576893306